clip_id,baseline_id,kind,level,n_flaws,flaw_types,duration,audio,labels
clinton_1995__baseline,clinton_1995,baseline,0,0,,61.2,audio/baseline/clinton_1995.wav,labels/clinton_1995/baseline.json
clinton_1995__dragging_s1,clinton_1995,single,1,1,dragging,62.3214,audio/flawed/clinton_1995/clinton_1995__dragging_s1.wav,labels/clinton_1995/clinton_1995__dragging_s1.json
clinton_1995__dragging_s2,clinton_1995,single,2,1,dragging,63.4429,audio/flawed/clinton_1995/clinton_1995__dragging_s2.wav,labels/clinton_1995/clinton_1995__dragging_s2.json
clinton_1995__dragging_s3,clinton_1995,single,3,1,dragging,64.8448,audio/flawed/clinton_1995/clinton_1995__dragging_s3.wav,labels/clinton_1995/clinton_1995__dragging_s3.json
clinton_1995__dragging_s4,clinton_1995,single,4,1,dragging,66.2466,audio/flawed/clinton_1995/clinton_1995__dragging_s4.wav,labels/clinton_1995/clinton_1995__dragging_s4.json
clinton_1995__dragging_s5,clinton_1995,single,5,1,dragging,67.9287,audio/flawed/clinton_1995/clinton_1995__dragging_s5.wav,labels/clinton_1995/clinton_1995__dragging_s5.json
clinton_1995__long_pause_s1,clinton_1995,single,1,1,long_pause,61.65,audio/flawed/clinton_1995/clinton_1995__long_pause_s1.wav,labels/clinton_1995/clinton_1995__long_pause_s1.json
clinton_1995__long_pause_s2,clinton_1995,single,2,1,long_pause,61.9,audio/flawed/clinton_1995/clinton_1995__long_pause_s2.wav,labels/clinton_1995/clinton_1995__long_pause_s2.json
clinton_1995__long_pause_s3,clinton_1995,single,3,1,long_pause,62.2,audio/flawed/clinton_1995/clinton_1995__long_pause_s3.wav,labels/clinton_1995/clinton_1995__long_pause_s3.json
clinton_1995__long_pause_s4,clinton_1995,single,4,1,long_pause,62.7,audio/flawed/clinton_1995/clinton_1995__long_pause_s4.wav,labels/clinton_1995/clinton_1995__long_pause_s4.json
clinton_1995__long_pause_s5,clinton_1995,single,5,1,long_pause,63.4,audio/flawed/clinton_1995/clinton_1995__long_pause_s5.wav,labels/clinton_1995/clinton_1995__long_pause_s5.json
clinton_1995__mix_L1,clinton_1995,mix,1,1,monotone,61.2,audio/flawed/clinton_1995/clinton_1995__mix_L1.wav,labels/clinton_1995/clinton_1995__mix_L1.json
clinton_1995__mix_L2,clinton_1995,mix,2,2,monotone;long_pause,61.9,audio/flawed/clinton_1995/clinton_1995__mix_L2.wav,labels/clinton_1995/clinton_1995__mix_L2.json
clinton_1995__mix_L3,clinton_1995,mix,3,3,monotone;volume_drop;long_pause,62.2,audio/flawed/clinton_1995/clinton_1995__mix_L3.wav,labels/clinton_1995/clinton_1995__mix_L3.json
clinton_1995__mix_L4,clinton_1995,mix,4,4,monotone;pause_removal;dragging;long_pause,65.3924,audio/flawed/clinton_1995/clinton_1995__mix_L4.wav,labels/clinton_1995/clinton_1995__mix_L4.json
clinton_1995__mix_L5,clinton_1995,mix,5,5,mumble;dragging;monotone;volume_drop;pause_removal,65.6837,audio/flawed/clinton_1995/clinton_1995__mix_L5.wav,labels/clinton_1995/clinton_1995__mix_L5.json
clinton_1995__monotone_s1,clinton_1995,single,1,1,monotone,61.2,audio/flawed/clinton_1995/clinton_1995__monotone_s1.wav,labels/clinton_1995/clinton_1995__monotone_s1.json
clinton_1995__monotone_s2,clinton_1995,single,2,1,monotone,61.2,audio/flawed/clinton_1995/clinton_1995__monotone_s2.wav,labels/clinton_1995/clinton_1995__monotone_s2.json
clinton_1995__monotone_s3,clinton_1995,single,3,1,monotone,61.2,audio/flawed/clinton_1995/clinton_1995__monotone_s3.wav,labels/clinton_1995/clinton_1995__monotone_s3.json
clinton_1995__monotone_s4,clinton_1995,single,4,1,monotone,61.2,audio/flawed/clinton_1995/clinton_1995__monotone_s4.wav,labels/clinton_1995/clinton_1995__monotone_s4.json
clinton_1995__monotone_s5,clinton_1995,single,5,1,monotone,61.2,audio/flawed/clinton_1995/clinton_1995__monotone_s5.wav,labels/clinton_1995/clinton_1995__monotone_s5.json
clinton_1995__mumble_s1,clinton_1995,single,1,1,mumble,61.2,audio/flawed/clinton_1995/clinton_1995__mumble_s1.wav,labels/clinton_1995/clinton_1995__mumble_s1.json
clinton_1995__mumble_s2,clinton_1995,single,2,1,mumble,61.2,audio/flawed/clinton_1995/clinton_1995__mumble_s2.wav,labels/clinton_1995/clinton_1995__mumble_s2.json
clinton_1995__mumble_s3,clinton_1995,single,3,1,mumble,61.2,audio/flawed/clinton_1995/clinton_1995__mumble_s3.wav,labels/clinton_1995/clinton_1995__mumble_s3.json
clinton_1995__mumble_s4,clinton_1995,single,4,1,mumble,61.2,audio/flawed/clinton_1995/clinton_1995__mumble_s4.wav,labels/clinton_1995/clinton_1995__mumble_s4.json
clinton_1995__mumble_s5,clinton_1995,single,5,1,mumble,61.2,audio/flawed/clinton_1995/clinton_1995__mumble_s5.wav,labels/clinton_1995/clinton_1995__mumble_s5.json
clinton_1995__pause_removal_s1,clinton_1995,single,1,1,pause_removal,61.0156,audio/flawed/clinton_1995/clinton_1995__pause_removal_s1.wav,labels/clinton_1995/clinton_1995__pause_removal_s1.json
clinton_1995__pause_removal_s2,clinton_1995,single,2,1,pause_removal,60.9465,audio/flawed/clinton_1995/clinton_1995__pause_removal_s2.wav,labels/clinton_1995/clinton_1995__pause_removal_s2.json
clinton_1995__pause_removal_s3,clinton_1995,single,3,1,pause_removal,60.8774,audio/flawed/clinton_1995/clinton_1995__pause_removal_s3.wav,labels/clinton_1995/clinton_1995__pause_removal_s3.json
clinton_1995__pause_removal_s4,clinton_1995,single,4,1,pause_removal,60.8083,audio/flawed/clinton_1995/clinton_1995__pause_removal_s4.wav,labels/clinton_1995/clinton_1995__pause_removal_s4.json
clinton_1995__pause_removal_s5,clinton_1995,single,5,1,pause_removal,60.7392,audio/flawed/clinton_1995/clinton_1995__pause_removal_s5.wav,labels/clinton_1995/clinton_1995__pause_removal_s5.json
clinton_1995__rushing_s1,clinton_1995,single,1,1,rushing,60.5211,audio/flawed/clinton_1995/clinton_1995__rushing_s1.wav,labels/clinton_1995/clinton_1995__rushing_s1.json
clinton_1995__rushing_s2,clinton_1995,single,2,1,rushing,60.0686,audio/flawed/clinton_1995/clinton_1995__rushing_s2.wav,labels/clinton_1995/clinton_1995__rushing_s2.json
clinton_1995__rushing_s3,clinton_1995,single,3,1,rushing,59.6159,audio/flawed/clinton_1995/clinton_1995__rushing_s3.wav,labels/clinton_1995/clinton_1995__rushing_s3.json
clinton_1995__rushing_s4,clinton_1995,single,4,1,rushing,59.1634,audio/flawed/clinton_1995/clinton_1995__rushing_s4.wav,labels/clinton_1995/clinton_1995__rushing_s4.json
clinton_1995__rushing_s5,clinton_1995,single,5,1,rushing,58.7107,audio/flawed/clinton_1995/clinton_1995__rushing_s5.wav,labels/clinton_1995/clinton_1995__rushing_s5.json
clinton_1995__volume_drop_s1,clinton_1995,single,1,1,volume_drop,61.2,audio/flawed/clinton_1995/clinton_1995__volume_drop_s1.wav,labels/clinton_1995/clinton_1995__volume_drop_s1.json
clinton_1995__volume_drop_s2,clinton_1995,single,2,1,volume_drop,61.2,audio/flawed/clinton_1995/clinton_1995__volume_drop_s2.wav,labels/clinton_1995/clinton_1995__volume_drop_s2.json
clinton_1995__volume_drop_s3,clinton_1995,single,3,1,volume_drop,61.2,audio/flawed/clinton_1995/clinton_1995__volume_drop_s3.wav,labels/clinton_1995/clinton_1995__volume_drop_s3.json
clinton_1995__volume_drop_s4,clinton_1995,single,4,1,volume_drop,61.2,audio/flawed/clinton_1995/clinton_1995__volume_drop_s4.wav,labels/clinton_1995/clinton_1995__volume_drop_s4.json
clinton_1995__volume_drop_s5,clinton_1995,single,5,1,volume_drop,61.2,audio/flawed/clinton_1995/clinton_1995__volume_drop_s5.wav,labels/clinton_1995/clinton_1995__volume_drop_s5.json
fdr_1933__baseline,fdr_1933,baseline,0,0,,46.5,audio/baseline/fdr_1933.wav,labels/fdr_1933/baseline.json
fdr_1933__dragging_s1,fdr_1933,single,1,1,dragging,47.5734,audio/flawed/fdr_1933/fdr_1933__dragging_s1.wav,labels/fdr_1933/fdr_1933__dragging_s1.json
fdr_1933__dragging_s2,fdr_1933,single,2,1,dragging,48.6467,audio/flawed/fdr_1933/fdr_1933__dragging_s2.wav,labels/fdr_1933/fdr_1933__dragging_s2.json
fdr_1933__dragging_s3,fdr_1933,single,3,1,dragging,49.9885,audio/flawed/fdr_1933/fdr_1933__dragging_s3.wav,labels/fdr_1933/fdr_1933__dragging_s3.json
fdr_1933__dragging_s4,fdr_1933,single,4,1,dragging,51.3302,audio/flawed/fdr_1933/fdr_1933__dragging_s4.wav,labels/fdr_1933/fdr_1933__dragging_s4.json
fdr_1933__dragging_s5,fdr_1933,single,5,1,dragging,52.9402,audio/flawed/fdr_1933/fdr_1933__dragging_s5.wav,labels/fdr_1933/fdr_1933__dragging_s5.json
fdr_1933__long_pause_s1,fdr_1933,single,1,1,long_pause,46.95,audio/flawed/fdr_1933/fdr_1933__long_pause_s1.wav,labels/fdr_1933/fdr_1933__long_pause_s1.json
fdr_1933__long_pause_s2,fdr_1933,single,2,1,long_pause,47.2,audio/flawed/fdr_1933/fdr_1933__long_pause_s2.wav,labels/fdr_1933/fdr_1933__long_pause_s2.json
fdr_1933__long_pause_s3,fdr_1933,single,3,1,long_pause,47.5,audio/flawed/fdr_1933/fdr_1933__long_pause_s3.wav,labels/fdr_1933/fdr_1933__long_pause_s3.json
fdr_1933__long_pause_s4,fdr_1933,single,4,1,long_pause,48.0,audio/flawed/fdr_1933/fdr_1933__long_pause_s4.wav,labels/fdr_1933/fdr_1933__long_pause_s4.json
fdr_1933__long_pause_s5,fdr_1933,single,5,1,long_pause,48.7,audio/flawed/fdr_1933/fdr_1933__long_pause_s5.wav,labels/fdr_1933/fdr_1933__long_pause_s5.json
fdr_1933__mix_L1,fdr_1933,mix,1,1,pause_removal,46.2436,audio/flawed/fdr_1933/fdr_1933__mix_L1.wav,labels/fdr_1933/fdr_1933__mix_L1.json
fdr_1933__mix_L2,fdr_1933,mix,2,2,pause_removal;rushing,44.4357,audio/flawed/fdr_1933/fdr_1933__mix_L2.wav,labels/fdr_1933/fdr_1933__mix_L2.json
fdr_1933__mix_L3,fdr_1933,mix,3,3,volume_drop;rushing;mumble,44.6181,audio/flawed/fdr_1933/fdr_1933__mix_L3.wav,labels/fdr_1933/fdr_1933__mix_L3.json
fdr_1933__mix_L4,fdr_1933,mix,4,4,mumble;monotone;dragging;pause_removal,49.2809,audio/flawed/fdr_1933/fdr_1933__mix_L4.wav,labels/fdr_1933/fdr_1933__mix_L4.json
fdr_1933__mix_L5,fdr_1933,mix,5,5,mumble;volume_drop;pause_removal;long_pause;rushing,45.8713,audio/flawed/fdr_1933/fdr_1933__mix_L5.wav,labels/fdr_1933/fdr_1933__mix_L5.json
fdr_1933__monotone_s1,fdr_1933,single,1,1,monotone,46.5,audio/flawed/fdr_1933/fdr_1933__monotone_s1.wav,labels/fdr_1933/fdr_1933__monotone_s1.json
fdr_1933__monotone_s2,fdr_1933,single,2,1,monotone,46.5,audio/flawed/fdr_1933/fdr_1933__monotone_s2.wav,labels/fdr_1933/fdr_1933__monotone_s2.json
fdr_1933__monotone_s3,fdr_1933,single,3,1,monotone,46.5,audio/flawed/fdr_1933/fdr_1933__monotone_s3.wav,labels/fdr_1933/fdr_1933__monotone_s3.json
fdr_1933__monotone_s4,fdr_1933,single,4,1,monotone,46.5,audio/flawed/fdr_1933/fdr_1933__monotone_s4.wav,labels/fdr_1933/fdr_1933__monotone_s4.json
fdr_1933__monotone_s5,fdr_1933,single,5,1,monotone,46.5,audio/flawed/fdr_1933/fdr_1933__monotone_s5.wav,labels/fdr_1933/fdr_1933__monotone_s5.json
fdr_1933__mumble_s1,fdr_1933,single,1,1,mumble,46.5,audio/flawed/fdr_1933/fdr_1933__mumble_s1.wav,labels/fdr_1933/fdr_1933__mumble_s1.json
fdr_1933__mumble_s2,fdr_1933,single,2,1,mumble,46.5,audio/flawed/fdr_1933/fdr_1933__mumble_s2.wav,labels/fdr_1933/fdr_1933__mumble_s2.json
fdr_1933__mumble_s3,fdr_1933,single,3,1,mumble,46.5,audio/flawed/fdr_1933/fdr_1933__mumble_s3.wav,labels/fdr_1933/fdr_1933__mumble_s3.json
fdr_1933__mumble_s4,fdr_1933,single,4,1,mumble,46.5,audio/flawed/fdr_1933/fdr_1933__mumble_s4.wav,labels/fdr_1933/fdr_1933__mumble_s4.json
fdr_1933__mumble_s5,fdr_1933,single,5,1,mumble,46.5,audio/flawed/fdr_1933/fdr_1933__mumble_s5.wav,labels/fdr_1933/fdr_1933__mumble_s5.json
fdr_1933__pause_removal_s1,fdr_1933,single,1,1,pause_removal,46.1314,audio/flawed/fdr_1933/fdr_1933__pause_removal_s1.wav,labels/fdr_1933/fdr_1933__pause_removal_s1.json
fdr_1933__pause_removal_s2,fdr_1933,single,2,1,pause_removal,45.9933,audio/flawed/fdr_1933/fdr_1933__pause_removal_s2.wav,labels/fdr_1933/fdr_1933__pause_removal_s2.json
fdr_1933__pause_removal_s3,fdr_1933,single,3,1,pause_removal,45.8551,audio/flawed/fdr_1933/fdr_1933__pause_removal_s3.wav,labels/fdr_1933/fdr_1933__pause_removal_s3.json
fdr_1933__pause_removal_s4,fdr_1933,single,4,1,pause_removal,45.7169,audio/flawed/fdr_1933/fdr_1933__pause_removal_s4.wav,labels/fdr_1933/fdr_1933__pause_removal_s4.json
fdr_1933__pause_removal_s5,fdr_1933,single,5,1,pause_removal,45.5788,audio/flawed/fdr_1933/fdr_1933__pause_removal_s5.wav,labels/fdr_1933/fdr_1933__pause_removal_s5.json
fdr_1933__rushing_s1,fdr_1933,single,1,1,rushing,45.7671,audio/flawed/fdr_1933/fdr_1933__rushing_s1.wav,labels/fdr_1933/fdr_1933__rushing_s1.json
fdr_1933__rushing_s2,fdr_1933,single,2,1,rushing,45.2784,audio/flawed/fdr_1933/fdr_1933__rushing_s2.wav,labels/fdr_1933/fdr_1933__rushing_s2.json
fdr_1933__rushing_s3,fdr_1933,single,3,1,rushing,44.7898,audio/flawed/fdr_1933/fdr_1933__rushing_s3.wav,labels/fdr_1933/fdr_1933__rushing_s3.json
fdr_1933__rushing_s4,fdr_1933,single,4,1,rushing,44.3012,audio/flawed/fdr_1933/fdr_1933__rushing_s4.wav,labels/fdr_1933/fdr_1933__rushing_s4.json
fdr_1933__rushing_s5,fdr_1933,single,5,1,rushing,43.8125,audio/flawed/fdr_1933/fdr_1933__rushing_s5.wav,labels/fdr_1933/fdr_1933__rushing_s5.json
fdr_1933__volume_drop_s1,fdr_1933,single,1,1,volume_drop,46.5,audio/flawed/fdr_1933/fdr_1933__volume_drop_s1.wav,labels/fdr_1933/fdr_1933__volume_drop_s1.json
fdr_1933__volume_drop_s2,fdr_1933,single,2,1,volume_drop,46.5,audio/flawed/fdr_1933/fdr_1933__volume_drop_s2.wav,labels/fdr_1933/fdr_1933__volume_drop_s2.json
fdr_1933__volume_drop_s3,fdr_1933,single,3,1,volume_drop,46.5,audio/flawed/fdr_1933/fdr_1933__volume_drop_s3.wav,labels/fdr_1933/fdr_1933__volume_drop_s3.json
fdr_1933__volume_drop_s4,fdr_1933,single,4,1,volume_drop,46.5,audio/flawed/fdr_1933/fdr_1933__volume_drop_s4.wav,labels/fdr_1933/fdr_1933__volume_drop_s4.json
fdr_1933__volume_drop_s5,fdr_1933,single,5,1,volume_drop,46.5,audio/flawed/fdr_1933/fdr_1933__volume_drop_s5.wav,labels/fdr_1933/fdr_1933__volume_drop_s5.json
harris_2024__baseline,harris_2024,baseline,0,0,,47.39,audio/baseline/harris_2024.wav,labels/harris_2024/baseline.json
harris_2024__dragging_s1,harris_2024,single,1,1,dragging,48.2589,audio/flawed/harris_2024/harris_2024__dragging_s1.wav,labels/harris_2024/harris_2024__dragging_s1.json
harris_2024__dragging_s2,harris_2024,single,2,1,dragging,49.1278,audio/flawed/harris_2024/harris_2024__dragging_s2.wav,labels/harris_2024/harris_2024__dragging_s2.json
harris_2024__dragging_s3,harris_2024,single,3,1,dragging,50.2139,audio/flawed/harris_2024/harris_2024__dragging_s3.wav,labels/harris_2024/harris_2024__dragging_s3.json
harris_2024__dragging_s4,harris_2024,single,4,1,dragging,51.3001,audio/flawed/harris_2024/harris_2024__dragging_s4.wav,labels/harris_2024/harris_2024__dragging_s4.json
harris_2024__dragging_s5,harris_2024,single,5,1,dragging,52.6035,audio/flawed/harris_2024/harris_2024__dragging_s5.wav,labels/harris_2024/harris_2024__dragging_s5.json
harris_2024__long_pause_s1,harris_2024,single,1,1,long_pause,47.84,audio/flawed/harris_2024/harris_2024__long_pause_s1.wav,labels/harris_2024/harris_2024__long_pause_s1.json
harris_2024__long_pause_s2,harris_2024,single,2,1,long_pause,48.09,audio/flawed/harris_2024/harris_2024__long_pause_s2.wav,labels/harris_2024/harris_2024__long_pause_s2.json
harris_2024__long_pause_s3,harris_2024,single,3,1,long_pause,48.39,audio/flawed/harris_2024/harris_2024__long_pause_s3.wav,labels/harris_2024/harris_2024__long_pause_s3.json
harris_2024__long_pause_s4,harris_2024,single,4,1,long_pause,48.89,audio/flawed/harris_2024/harris_2024__long_pause_s4.wav,labels/harris_2024/harris_2024__long_pause_s4.json
harris_2024__long_pause_s5,harris_2024,single,5,1,long_pause,49.59,audio/flawed/harris_2024/harris_2024__long_pause_s5.wav,labels/harris_2024/harris_2024__long_pause_s5.json
harris_2024__mix_L1,harris_2024,mix,1,1,dragging,48.1488,audio/flawed/harris_2024/harris_2024__mix_L1.wav,labels/harris_2024/harris_2024__mix_L1.json
harris_2024__mix_L2,harris_2024,mix,2,2,rushing;mumble,46.9125,audio/flawed/harris_2024/harris_2024__mix_L2.wav,labels/harris_2024/harris_2024__mix_L2.json
harris_2024__mix_L3,harris_2024,mix,3,3,volume_drop;dragging;mumble,52.589,audio/flawed/harris_2024/harris_2024__mix_L3.wav,labels/harris_2024/harris_2024__mix_L3.json
harris_2024__mix_L4,harris_2024,mix,4,4,pause_removal;long_pause;mumble;rushing,44.7811,audio/flawed/harris_2024/harris_2024__mix_L4.wav,labels/harris_2024/harris_2024__mix_L4.json
harris_2024__mix_L5,harris_2024,mix,5,5,dragging;monotone;pause_removal;long_pause;volume_drop,52.2494,audio/flawed/harris_2024/harris_2024__mix_L5.wav,labels/harris_2024/harris_2024__mix_L5.json
harris_2024__monotone_s1,harris_2024,single,1,1,monotone,47.39,audio/flawed/harris_2024/harris_2024__monotone_s1.wav,labels/harris_2024/harris_2024__monotone_s1.json
harris_2024__monotone_s2,harris_2024,single,2,1,monotone,47.39,audio/flawed/harris_2024/harris_2024__monotone_s2.wav,labels/harris_2024/harris_2024__monotone_s2.json
harris_2024__monotone_s3,harris_2024,single,3,1,monotone,47.39,audio/flawed/harris_2024/harris_2024__monotone_s3.wav,labels/harris_2024/harris_2024__monotone_s3.json
harris_2024__monotone_s4,harris_2024,single,4,1,monotone,47.39,audio/flawed/harris_2024/harris_2024__monotone_s4.wav,labels/harris_2024/harris_2024__monotone_s4.json
harris_2024__monotone_s5,harris_2024,single,5,1,monotone,47.39,audio/flawed/harris_2024/harris_2024__monotone_s5.wav,labels/harris_2024/harris_2024__monotone_s5.json
harris_2024__mumble_s1,harris_2024,single,1,1,mumble,47.39,audio/flawed/harris_2024/harris_2024__mumble_s1.wav,labels/harris_2024/harris_2024__mumble_s1.json
harris_2024__mumble_s2,harris_2024,single,2,1,mumble,47.39,audio/flawed/harris_2024/harris_2024__mumble_s2.wav,labels/harris_2024/harris_2024__mumble_s2.json
harris_2024__mumble_s3,harris_2024,single,3,1,mumble,47.39,audio/flawed/harris_2024/harris_2024__mumble_s3.wav,labels/harris_2024/harris_2024__mumble_s3.json
harris_2024__mumble_s4,harris_2024,single,4,1,mumble,47.39,audio/flawed/harris_2024/harris_2024__mumble_s4.wav,labels/harris_2024/harris_2024__mumble_s4.json
harris_2024__mumble_s5,harris_2024,single,5,1,mumble,47.39,audio/flawed/harris_2024/harris_2024__mumble_s5.wav,labels/harris_2024/harris_2024__mumble_s5.json
harris_2024__pause_removal_s1,harris_2024,single,1,1,pause_removal,46.9814,audio/flawed/harris_2024/harris_2024__pause_removal_s1.wav,labels/harris_2024/harris_2024__pause_removal_s1.json
harris_2024__pause_removal_s2,harris_2024,single,2,1,pause_removal,46.8282,audio/flawed/harris_2024/harris_2024__pause_removal_s2.wav,labels/harris_2024/harris_2024__pause_removal_s2.json
harris_2024__pause_removal_s3,harris_2024,single,3,1,pause_removal,46.675,audio/flawed/harris_2024/harris_2024__pause_removal_s3.wav,labels/harris_2024/harris_2024__pause_removal_s3.json
harris_2024__pause_removal_s4,harris_2024,single,4,1,pause_removal,46.5219,audio/flawed/harris_2024/harris_2024__pause_removal_s4.wav,labels/harris_2024/harris_2024__pause_removal_s4.json
harris_2024__pause_removal_s5,harris_2024,single,5,1,pause_removal,46.3687,audio/flawed/harris_2024/harris_2024__pause_removal_s5.wav,labels/harris_2024/harris_2024__pause_removal_s5.json
harris_2024__rushing_s1,harris_2024,single,1,1,rushing,46.471,audio/flawed/harris_2024/harris_2024__rushing_s1.wav,labels/harris_2024/harris_2024__rushing_s1.json
harris_2024__rushing_s2,harris_2024,single,2,1,rushing,45.8584,audio/flawed/harris_2024/harris_2024__rushing_s2.wav,labels/harris_2024/harris_2024__rushing_s2.json
harris_2024__rushing_s3,harris_2024,single,3,1,rushing,45.2458,audio/flawed/harris_2024/harris_2024__rushing_s3.wav,labels/harris_2024/harris_2024__rushing_s3.json
harris_2024__rushing_s4,harris_2024,single,4,1,rushing,44.6331,audio/flawed/harris_2024/harris_2024__rushing_s4.wav,labels/harris_2024/harris_2024__rushing_s4.json
harris_2024__rushing_s5,harris_2024,single,5,1,rushing,44.0204,audio/flawed/harris_2024/harris_2024__rushing_s5.wav,labels/harris_2024/harris_2024__rushing_s5.json
harris_2024__volume_drop_s1,harris_2024,single,1,1,volume_drop,47.39,audio/flawed/harris_2024/harris_2024__volume_drop_s1.wav,labels/harris_2024/harris_2024__volume_drop_s1.json
harris_2024__volume_drop_s2,harris_2024,single,2,1,volume_drop,47.39,audio/flawed/harris_2024/harris_2024__volume_drop_s2.wav,labels/harris_2024/harris_2024__volume_drop_s2.json
harris_2024__volume_drop_s3,harris_2024,single,3,1,volume_drop,47.39,audio/flawed/harris_2024/harris_2024__volume_drop_s3.wav,labels/harris_2024/harris_2024__volume_drop_s3.json
harris_2024__volume_drop_s4,harris_2024,single,4,1,volume_drop,47.39,audio/flawed/harris_2024/harris_2024__volume_drop_s4.wav,labels/harris_2024/harris_2024__volume_drop_s4.json
harris_2024__volume_drop_s5,harris_2024,single,5,1,volume_drop,47.39,audio/flawed/harris_2024/harris_2024__volume_drop_s5.wav,labels/harris_2024/harris_2024__volume_drop_s5.json
jfk_1961__baseline,jfk_1961,baseline,0,0,,74.44,audio/baseline/jfk_1961.wav,labels/jfk_1961/baseline.json
jfk_1961__dragging_s1,jfk_1961,single,1,1,dragging,75.367,audio/flawed/jfk_1961/jfk_1961__dragging_s1.wav,labels/jfk_1961/jfk_1961__dragging_s1.json
jfk_1961__dragging_s2,jfk_1961,single,2,1,dragging,76.294,audio/flawed/jfk_1961/jfk_1961__dragging_s2.wav,labels/jfk_1961/jfk_1961__dragging_s2.json
jfk_1961__dragging_s3,jfk_1961,single,3,1,dragging,77.4527,audio/flawed/jfk_1961/jfk_1961__dragging_s3.wav,labels/jfk_1961/jfk_1961__dragging_s3.json
jfk_1961__dragging_s4,jfk_1961,single,4,1,dragging,78.6115,audio/flawed/jfk_1961/jfk_1961__dragging_s4.wav,labels/jfk_1961/jfk_1961__dragging_s4.json
jfk_1961__dragging_s5,jfk_1961,single,5,1,dragging,80.002,audio/flawed/jfk_1961/jfk_1961__dragging_s5.wav,labels/jfk_1961/jfk_1961__dragging_s5.json
jfk_1961__long_pause_s1,jfk_1961,single,1,1,long_pause,74.89,audio/flawed/jfk_1961/jfk_1961__long_pause_s1.wav,labels/jfk_1961/jfk_1961__long_pause_s1.json
jfk_1961__long_pause_s2,jfk_1961,single,2,1,long_pause,75.14,audio/flawed/jfk_1961/jfk_1961__long_pause_s2.wav,labels/jfk_1961/jfk_1961__long_pause_s2.json
jfk_1961__long_pause_s3,jfk_1961,single,3,1,long_pause,75.44,audio/flawed/jfk_1961/jfk_1961__long_pause_s3.wav,labels/jfk_1961/jfk_1961__long_pause_s3.json
jfk_1961__long_pause_s4,jfk_1961,single,4,1,long_pause,75.94,audio/flawed/jfk_1961/jfk_1961__long_pause_s4.wav,labels/jfk_1961/jfk_1961__long_pause_s4.json
jfk_1961__long_pause_s5,jfk_1961,single,5,1,long_pause,76.64,audio/flawed/jfk_1961/jfk_1961__long_pause_s5.wav,labels/jfk_1961/jfk_1961__long_pause_s5.json
jfk_1961__mix_L1,jfk_1961,mix,1,1,rushing,73.1711,audio/flawed/jfk_1961/jfk_1961__mix_L1.wav,labels/jfk_1961/jfk_1961__mix_L1.json
jfk_1961__mix_L2,jfk_1961,mix,2,2,monotone;pause_removal,73.8563,audio/flawed/jfk_1961/jfk_1961__mix_L2.wav,labels/jfk_1961/jfk_1961__mix_L2.json
jfk_1961__mix_L3,jfk_1961,mix,3,3,volume_drop;monotone;rushing,72.8558,audio/flawed/jfk_1961/jfk_1961__mix_L3.wav,labels/jfk_1961/jfk_1961__mix_L3.json
jfk_1961__mix_L4,jfk_1961,mix,4,4,rushing;volume_drop;pause_removal;monotone,71.4652,audio/flawed/jfk_1961/jfk_1961__mix_L4.wav,labels/jfk_1961/jfk_1961__mix_L4.json
jfk_1961__mix_L5,jfk_1961,mix,5,5,volume_drop;mumble;monotone;pause_removal;dragging,77.3312,audio/flawed/jfk_1961/jfk_1961__mix_L5.wav,labels/jfk_1961/jfk_1961__mix_L5.json
jfk_1961__monotone_s1,jfk_1961,single,1,1,monotone,74.44,audio/flawed/jfk_1961/jfk_1961__monotone_s1.wav,labels/jfk_1961/jfk_1961__monotone_s1.json
jfk_1961__monotone_s2,jfk_1961,single,2,1,monotone,74.44,audio/flawed/jfk_1961/jfk_1961__monotone_s2.wav,labels/jfk_1961/jfk_1961__monotone_s2.json
jfk_1961__monotone_s3,jfk_1961,single,3,1,monotone,74.44,audio/flawed/jfk_1961/jfk_1961__monotone_s3.wav,labels/jfk_1961/jfk_1961__monotone_s3.json
jfk_1961__monotone_s4,jfk_1961,single,4,1,monotone,74.44,audio/flawed/jfk_1961/jfk_1961__monotone_s4.wav,labels/jfk_1961/jfk_1961__monotone_s4.json
jfk_1961__monotone_s5,jfk_1961,single,5,1,monotone,74.44,audio/flawed/jfk_1961/jfk_1961__monotone_s5.wav,labels/jfk_1961/jfk_1961__monotone_s5.json
jfk_1961__mumble_s1,jfk_1961,single,1,1,mumble,74.44,audio/flawed/jfk_1961/jfk_1961__mumble_s1.wav,labels/jfk_1961/jfk_1961__mumble_s1.json
jfk_1961__mumble_s2,jfk_1961,single,2,1,mumble,74.44,audio/flawed/jfk_1961/jfk_1961__mumble_s2.wav,labels/jfk_1961/jfk_1961__mumble_s2.json
jfk_1961__mumble_s3,jfk_1961,single,3,1,mumble,74.44,audio/flawed/jfk_1961/jfk_1961__mumble_s3.wav,labels/jfk_1961/jfk_1961__mumble_s3.json
jfk_1961__mumble_s4,jfk_1961,single,4,1,mumble,74.44,audio/flawed/jfk_1961/jfk_1961__mumble_s4.wav,labels/jfk_1961/jfk_1961__mumble_s4.json
jfk_1961__mumble_s5,jfk_1961,single,5,1,mumble,74.44,audio/flawed/jfk_1961/jfk_1961__mumble_s5.wav,labels/jfk_1961/jfk_1961__mumble_s5.json
jfk_1961__pause_removal_s1,jfk_1961,single,1,1,pause_removal,73.9273,audio/flawed/jfk_1961/jfk_1961__pause_removal_s1.wav,labels/jfk_1961/jfk_1961__pause_removal_s1.json
jfk_1961__pause_removal_s2,jfk_1961,single,2,1,pause_removal,73.7352,audio/flawed/jfk_1961/jfk_1961__pause_removal_s2.wav,labels/jfk_1961/jfk_1961__pause_removal_s2.json
jfk_1961__pause_removal_s3,jfk_1961,single,3,1,pause_removal,73.5429,audio/flawed/jfk_1961/jfk_1961__pause_removal_s3.wav,labels/jfk_1961/jfk_1961__pause_removal_s3.json
jfk_1961__pause_removal_s4,jfk_1961,single,4,1,pause_removal,73.3507,audio/flawed/jfk_1961/jfk_1961__pause_removal_s4.wav,labels/jfk_1961/jfk_1961__pause_removal_s4.json
jfk_1961__pause_removal_s5,jfk_1961,single,5,1,pause_removal,73.1586,audio/flawed/jfk_1961/jfk_1961__pause_removal_s5.wav,labels/jfk_1961/jfk_1961__pause_removal_s5.json
jfk_1961__rushing_s1,jfk_1961,single,1,1,rushing,73.5075,audio/flawed/jfk_1961/jfk_1961__rushing_s1.wav,labels/jfk_1961/jfk_1961__rushing_s1.json
jfk_1961__rushing_s2,jfk_1961,single,2,1,rushing,72.8858,audio/flawed/jfk_1961/jfk_1961__rushing_s2.wav,labels/jfk_1961/jfk_1961__rushing_s2.json
jfk_1961__rushing_s3,jfk_1961,single,3,1,rushing,72.2642,audio/flawed/jfk_1961/jfk_1961__rushing_s3.wav,labels/jfk_1961/jfk_1961__rushing_s3.json
jfk_1961__rushing_s4,jfk_1961,single,4,1,rushing,71.6425,audio/flawed/jfk_1961/jfk_1961__rushing_s4.wav,labels/jfk_1961/jfk_1961__rushing_s4.json
jfk_1961__rushing_s5,jfk_1961,single,5,1,rushing,71.0208,audio/flawed/jfk_1961/jfk_1961__rushing_s5.wav,labels/jfk_1961/jfk_1961__rushing_s5.json
jfk_1961__volume_drop_s1,jfk_1961,single,1,1,volume_drop,74.44,audio/flawed/jfk_1961/jfk_1961__volume_drop_s1.wav,labels/jfk_1961/jfk_1961__volume_drop_s1.json
jfk_1961__volume_drop_s2,jfk_1961,single,2,1,volume_drop,74.44,audio/flawed/jfk_1961/jfk_1961__volume_drop_s2.wav,labels/jfk_1961/jfk_1961__volume_drop_s2.json
jfk_1961__volume_drop_s3,jfk_1961,single,3,1,volume_drop,74.44,audio/flawed/jfk_1961/jfk_1961__volume_drop_s3.wav,labels/jfk_1961/jfk_1961__volume_drop_s3.json
jfk_1961__volume_drop_s4,jfk_1961,single,4,1,volume_drop,74.44,audio/flawed/jfk_1961/jfk_1961__volume_drop_s4.wav,labels/jfk_1961/jfk_1961__volume_drop_s4.json
jfk_1961__volume_drop_s5,jfk_1961,single,5,1,volume_drop,74.44,audio/flawed/jfk_1961/jfk_1961__volume_drop_s5.wav,labels/jfk_1961/jfk_1961__volume_drop_s5.json
obama_2009__baseline,obama_2009,baseline,0,0,,74.41,audio/baseline/obama_2009.wav,labels/obama_2009/baseline.json
obama_2009__dragging_s1,obama_2009,single,1,1,dragging,75.1287,audio/flawed/obama_2009/obama_2009__dragging_s1.wav,labels/obama_2009/obama_2009__dragging_s1.json
obama_2009__dragging_s2,obama_2009,single,2,1,dragging,75.8474,audio/flawed/obama_2009/obama_2009__dragging_s2.wav,labels/obama_2009/obama_2009__dragging_s2.json
obama_2009__dragging_s3,obama_2009,single,3,1,dragging,76.7457,audio/flawed/obama_2009/obama_2009__dragging_s3.wav,labels/obama_2009/obama_2009__dragging_s3.json
obama_2009__dragging_s4,obama_2009,single,4,1,dragging,77.6441,audio/flawed/obama_2009/obama_2009__dragging_s4.wav,labels/obama_2009/obama_2009__dragging_s4.json
obama_2009__dragging_s5,obama_2009,single,5,1,dragging,78.7221,audio/flawed/obama_2009/obama_2009__dragging_s5.wav,labels/obama_2009/obama_2009__dragging_s5.json
obama_2009__long_pause_s1,obama_2009,single,1,1,long_pause,74.86,audio/flawed/obama_2009/obama_2009__long_pause_s1.wav,labels/obama_2009/obama_2009__long_pause_s1.json
obama_2009__long_pause_s2,obama_2009,single,2,1,long_pause,75.11,audio/flawed/obama_2009/obama_2009__long_pause_s2.wav,labels/obama_2009/obama_2009__long_pause_s2.json
obama_2009__long_pause_s3,obama_2009,single,3,1,long_pause,75.41,audio/flawed/obama_2009/obama_2009__long_pause_s3.wav,labels/obama_2009/obama_2009__long_pause_s3.json
obama_2009__long_pause_s4,obama_2009,single,4,1,long_pause,75.91,audio/flawed/obama_2009/obama_2009__long_pause_s4.wav,labels/obama_2009/obama_2009__long_pause_s4.json
obama_2009__long_pause_s5,obama_2009,single,5,1,long_pause,76.61,audio/flawed/obama_2009/obama_2009__long_pause_s5.wav,labels/obama_2009/obama_2009__long_pause_s5.json
obama_2009__mix_L1,obama_2009,mix,1,1,pause_removal,73.7212,audio/flawed/obama_2009/obama_2009__mix_L1.wav,labels/obama_2009/obama_2009__mix_L1.json
obama_2009__mix_L2,obama_2009,mix,2,2,volume_drop;long_pause,74.86,audio/flawed/obama_2009/obama_2009__mix_L2.wav,labels/obama_2009/obama_2009__mix_L2.json
obama_2009__mix_L3,obama_2009,mix,3,3,monotone;long_pause;rushing,73.5385,audio/flawed/obama_2009/obama_2009__mix_L3.wav,labels/obama_2009/obama_2009__mix_L3.json
obama_2009__mix_L4,obama_2009,mix,4,4,mumble;dragging;long_pause;volume_drop,77.9729,audio/flawed/obama_2009/obama_2009__mix_L4.wav,labels/obama_2009/obama_2009__mix_L4.json
obama_2009__mix_L5,obama_2009,mix,5,5,mumble;long_pause;volume_drop;monotone;rushing,72.8106,audio/flawed/obama_2009/obama_2009__mix_L5.wav,labels/obama_2009/obama_2009__mix_L5.json
obama_2009__monotone_s1,obama_2009,single,1,1,monotone,74.41,audio/flawed/obama_2009/obama_2009__monotone_s1.wav,labels/obama_2009/obama_2009__monotone_s1.json
obama_2009__monotone_s2,obama_2009,single,2,1,monotone,74.41,audio/flawed/obama_2009/obama_2009__monotone_s2.wav,labels/obama_2009/obama_2009__monotone_s2.json
obama_2009__monotone_s3,obama_2009,single,3,1,monotone,74.41,audio/flawed/obama_2009/obama_2009__monotone_s3.wav,labels/obama_2009/obama_2009__monotone_s3.json
obama_2009__monotone_s4,obama_2009,single,4,1,monotone,74.41,audio/flawed/obama_2009/obama_2009__monotone_s4.wav,labels/obama_2009/obama_2009__monotone_s4.json
obama_2009__monotone_s5,obama_2009,single,5,1,monotone,74.41,audio/flawed/obama_2009/obama_2009__monotone_s5.wav,labels/obama_2009/obama_2009__monotone_s5.json
obama_2009__mumble_s1,obama_2009,single,1,1,mumble,74.41,audio/flawed/obama_2009/obama_2009__mumble_s1.wav,labels/obama_2009/obama_2009__mumble_s1.json
obama_2009__mumble_s2,obama_2009,single,2,1,mumble,74.41,audio/flawed/obama_2009/obama_2009__mumble_s2.wav,labels/obama_2009/obama_2009__mumble_s2.json
obama_2009__mumble_s3,obama_2009,single,3,1,mumble,74.41,audio/flawed/obama_2009/obama_2009__mumble_s3.wav,labels/obama_2009/obama_2009__mumble_s3.json
obama_2009__mumble_s4,obama_2009,single,4,1,mumble,74.41,audio/flawed/obama_2009/obama_2009__mumble_s4.wav,labels/obama_2009/obama_2009__mumble_s4.json
obama_2009__mumble_s5,obama_2009,single,5,1,mumble,74.41,audio/flawed/obama_2009/obama_2009__mumble_s5.wav,labels/obama_2009/obama_2009__mumble_s5.json
obama_2009__pause_removal_s1,obama_2009,single,1,1,pause_removal,74.1217,audio/flawed/obama_2009/obama_2009__pause_removal_s1.wav,labels/obama_2009/obama_2009__pause_removal_s1.json
obama_2009__pause_removal_s2,obama_2009,single,2,1,pause_removal,74.0136,audio/flawed/obama_2009/obama_2009__pause_removal_s2.wav,labels/obama_2009/obama_2009__pause_removal_s2.json
obama_2009__pause_removal_s3,obama_2009,single,3,1,pause_removal,73.9054,audio/flawed/obama_2009/obama_2009__pause_removal_s3.wav,labels/obama_2009/obama_2009__pause_removal_s3.json
obama_2009__pause_removal_s4,obama_2009,single,4,1,pause_removal,73.7973,audio/flawed/obama_2009/obama_2009__pause_removal_s4.wav,labels/obama_2009/obama_2009__pause_removal_s4.json
obama_2009__pause_removal_s5,obama_2009,single,5,1,pause_removal,73.6893,audio/flawed/obama_2009/obama_2009__pause_removal_s5.wav,labels/obama_2009/obama_2009__pause_removal_s5.json
obama_2009__rushing_s1,obama_2009,single,1,1,rushing,74.1382,audio/flawed/obama_2009/obama_2009__rushing_s1.wav,labels/obama_2009/obama_2009__rushing_s1.json
obama_2009__rushing_s2,obama_2009,single,2,1,rushing,73.9571,audio/flawed/obama_2009/obama_2009__rushing_s2.wav,labels/obama_2009/obama_2009__rushing_s2.json
obama_2009__rushing_s3,obama_2009,single,3,1,rushing,73.7759,audio/flawed/obama_2009/obama_2009__rushing_s3.wav,labels/obama_2009/obama_2009__rushing_s3.json
obama_2009__rushing_s4,obama_2009,single,4,1,rushing,73.5948,audio/flawed/obama_2009/obama_2009__rushing_s4.wav,labels/obama_2009/obama_2009__rushing_s4.json
obama_2009__rushing_s5,obama_2009,single,5,1,rushing,73.4136,audio/flawed/obama_2009/obama_2009__rushing_s5.wav,labels/obama_2009/obama_2009__rushing_s5.json
obama_2009__volume_drop_s1,obama_2009,single,1,1,volume_drop,74.41,audio/flawed/obama_2009/obama_2009__volume_drop_s1.wav,labels/obama_2009/obama_2009__volume_drop_s1.json
obama_2009__volume_drop_s2,obama_2009,single,2,1,volume_drop,74.41,audio/flawed/obama_2009/obama_2009__volume_drop_s2.wav,labels/obama_2009/obama_2009__volume_drop_s2.json
obama_2009__volume_drop_s3,obama_2009,single,3,1,volume_drop,74.41,audio/flawed/obama_2009/obama_2009__volume_drop_s3.wav,labels/obama_2009/obama_2009__volume_drop_s3.json
obama_2009__volume_drop_s4,obama_2009,single,4,1,volume_drop,74.41,audio/flawed/obama_2009/obama_2009__volume_drop_s4.wav,labels/obama_2009/obama_2009__volume_drop_s4.json
obama_2009__volume_drop_s5,obama_2009,single,5,1,volume_drop,74.41,audio/flawed/obama_2009/obama_2009__volume_drop_s5.wav,labels/obama_2009/obama_2009__volume_drop_s5.json
reagan_1981__baseline,reagan_1981,baseline,0,0,,65.74,audio/baseline/reagan_1981.wav,labels/reagan_1981/baseline.json
reagan_1981__dragging_s1,reagan_1981,single,1,1,dragging,66.525,audio/flawed/reagan_1981/reagan_1981__dragging_s1.wav,labels/reagan_1981/reagan_1981__dragging_s1.json
reagan_1981__dragging_s2,reagan_1981,single,2,1,dragging,67.3099,audio/flawed/reagan_1981/reagan_1981__dragging_s2.wav,labels/reagan_1981/reagan_1981__dragging_s2.json
reagan_1981__dragging_s3,reagan_1981,single,3,1,dragging,68.2912,audio/flawed/reagan_1981/reagan_1981__dragging_s3.wav,labels/reagan_1981/reagan_1981__dragging_s3.json
reagan_1981__dragging_s4,reagan_1981,single,4,1,dragging,69.2724,audio/flawed/reagan_1981/reagan_1981__dragging_s4.wav,labels/reagan_1981/reagan_1981__dragging_s4.json
reagan_1981__dragging_s5,reagan_1981,single,5,1,dragging,70.4499,audio/flawed/reagan_1981/reagan_1981__dragging_s5.wav,labels/reagan_1981/reagan_1981__dragging_s5.json
reagan_1981__long_pause_s1,reagan_1981,single,1,1,long_pause,66.19,audio/flawed/reagan_1981/reagan_1981__long_pause_s1.wav,labels/reagan_1981/reagan_1981__long_pause_s1.json
reagan_1981__long_pause_s2,reagan_1981,single,2,1,long_pause,66.44,audio/flawed/reagan_1981/reagan_1981__long_pause_s2.wav,labels/reagan_1981/reagan_1981__long_pause_s2.json
reagan_1981__long_pause_s3,reagan_1981,single,3,1,long_pause,66.74,audio/flawed/reagan_1981/reagan_1981__long_pause_s3.wav,labels/reagan_1981/reagan_1981__long_pause_s3.json
reagan_1981__long_pause_s4,reagan_1981,single,4,1,long_pause,67.24,audio/flawed/reagan_1981/reagan_1981__long_pause_s4.wav,labels/reagan_1981/reagan_1981__long_pause_s4.json
reagan_1981__long_pause_s5,reagan_1981,single,5,1,long_pause,67.94,audio/flawed/reagan_1981/reagan_1981__long_pause_s5.wav,labels/reagan_1981/reagan_1981__long_pause_s5.json
reagan_1981__mix_L1,reagan_1981,mix,1,1,rushing,65.4246,audio/flawed/reagan_1981/reagan_1981__mix_L1.wav,labels/reagan_1981/reagan_1981__mix_L1.json
reagan_1981__mix_L2,reagan_1981,mix,2,2,mumble;monotone,65.74,audio/flawed/reagan_1981/reagan_1981__mix_L2.wav,labels/reagan_1981/reagan_1981__mix_L2.json
reagan_1981__mix_L3,reagan_1981,mix,3,3,pause_removal;monotone;rushing,64.2426,audio/flawed/reagan_1981/reagan_1981__mix_L3.wav,labels/reagan_1981/reagan_1981__mix_L3.json
reagan_1981__mix_L4,reagan_1981,mix,4,4,pause_removal;dragging;monotone;volume_drop,68.5984,audio/flawed/reagan_1981/reagan_1981__mix_L4.wav,labels/reagan_1981/reagan_1981__mix_L4.json
reagan_1981__mix_L5,reagan_1981,mix,5,5,long_pause;mumble;volume_drop;dragging;monotone,70.3277,audio/flawed/reagan_1981/reagan_1981__mix_L5.wav,labels/reagan_1981/reagan_1981__mix_L5.json
reagan_1981__monotone_s1,reagan_1981,single,1,1,monotone,65.74,audio/flawed/reagan_1981/reagan_1981__monotone_s1.wav,labels/reagan_1981/reagan_1981__monotone_s1.json
reagan_1981__monotone_s2,reagan_1981,single,2,1,monotone,65.74,audio/flawed/reagan_1981/reagan_1981__monotone_s2.wav,labels/reagan_1981/reagan_1981__monotone_s2.json
reagan_1981__monotone_s3,reagan_1981,single,3,1,monotone,65.74,audio/flawed/reagan_1981/reagan_1981__monotone_s3.wav,labels/reagan_1981/reagan_1981__monotone_s3.json
reagan_1981__monotone_s4,reagan_1981,single,4,1,monotone,65.74,audio/flawed/reagan_1981/reagan_1981__monotone_s4.wav,labels/reagan_1981/reagan_1981__monotone_s4.json
reagan_1981__monotone_s5,reagan_1981,single,5,1,monotone,65.74,audio/flawed/reagan_1981/reagan_1981__monotone_s5.wav,labels/reagan_1981/reagan_1981__monotone_s5.json
reagan_1981__mumble_s1,reagan_1981,single,1,1,mumble,65.74,audio/flawed/reagan_1981/reagan_1981__mumble_s1.wav,labels/reagan_1981/reagan_1981__mumble_s1.json
reagan_1981__mumble_s2,reagan_1981,single,2,1,mumble,65.74,audio/flawed/reagan_1981/reagan_1981__mumble_s2.wav,labels/reagan_1981/reagan_1981__mumble_s2.json
reagan_1981__mumble_s3,reagan_1981,single,3,1,mumble,65.74,audio/flawed/reagan_1981/reagan_1981__mumble_s3.wav,labels/reagan_1981/reagan_1981__mumble_s3.json
reagan_1981__mumble_s4,reagan_1981,single,4,1,mumble,65.74,audio/flawed/reagan_1981/reagan_1981__mumble_s4.wav,labels/reagan_1981/reagan_1981__mumble_s4.json
reagan_1981__mumble_s5,reagan_1981,single,5,1,mumble,65.74,audio/flawed/reagan_1981/reagan_1981__mumble_s5.wav,labels/reagan_1981/reagan_1981__mumble_s5.json
reagan_1981__pause_removal_s1,reagan_1981,single,1,1,pause_removal,65.3314,audio/flawed/reagan_1981/reagan_1981__pause_removal_s1.wav,labels/reagan_1981/reagan_1981__pause_removal_s1.json
reagan_1981__pause_removal_s2,reagan_1981,single,2,1,pause_removal,65.1782,audio/flawed/reagan_1981/reagan_1981__pause_removal_s2.wav,labels/reagan_1981/reagan_1981__pause_removal_s2.json
reagan_1981__pause_removal_s3,reagan_1981,single,3,1,pause_removal,65.0251,audio/flawed/reagan_1981/reagan_1981__pause_removal_s3.wav,labels/reagan_1981/reagan_1981__pause_removal_s3.json
reagan_1981__pause_removal_s4,reagan_1981,single,4,1,pause_removal,64.8718,audio/flawed/reagan_1981/reagan_1981__pause_removal_s4.wav,labels/reagan_1981/reagan_1981__pause_removal_s4.json
reagan_1981__pause_removal_s5,reagan_1981,single,5,1,pause_removal,64.7187,audio/flawed/reagan_1981/reagan_1981__pause_removal_s5.wav,labels/reagan_1981/reagan_1981__pause_removal_s5.json
reagan_1981__rushing_s1,reagan_1981,single,1,1,rushing,64.9095,audio/flawed/reagan_1981/reagan_1981__rushing_s1.wav,labels/reagan_1981/reagan_1981__rushing_s1.json
reagan_1981__rushing_s2,reagan_1981,single,2,1,rushing,64.3558,audio/flawed/reagan_1981/reagan_1981__rushing_s2.wav,labels/reagan_1981/reagan_1981__rushing_s2.json
reagan_1981__rushing_s3,reagan_1981,single,3,1,rushing,63.8022,audio/flawed/reagan_1981/reagan_1981__rushing_s3.wav,labels/reagan_1981/reagan_1981__rushing_s3.json
reagan_1981__rushing_s4,reagan_1981,single,4,1,rushing,63.2485,audio/flawed/reagan_1981/reagan_1981__rushing_s4.wav,labels/reagan_1981/reagan_1981__rushing_s4.json
reagan_1981__rushing_s5,reagan_1981,single,5,1,rushing,62.6948,audio/flawed/reagan_1981/reagan_1981__rushing_s5.wav,labels/reagan_1981/reagan_1981__rushing_s5.json
reagan_1981__volume_drop_s1,reagan_1981,single,1,1,volume_drop,65.74,audio/flawed/reagan_1981/reagan_1981__volume_drop_s1.wav,labels/reagan_1981/reagan_1981__volume_drop_s1.json
reagan_1981__volume_drop_s2,reagan_1981,single,2,1,volume_drop,65.74,audio/flawed/reagan_1981/reagan_1981__volume_drop_s2.wav,labels/reagan_1981/reagan_1981__volume_drop_s2.json
reagan_1981__volume_drop_s3,reagan_1981,single,3,1,volume_drop,65.74,audio/flawed/reagan_1981/reagan_1981__volume_drop_s3.wav,labels/reagan_1981/reagan_1981__volume_drop_s3.json
reagan_1981__volume_drop_s4,reagan_1981,single,4,1,volume_drop,65.74,audio/flawed/reagan_1981/reagan_1981__volume_drop_s4.wav,labels/reagan_1981/reagan_1981__volume_drop_s4.json
reagan_1981__volume_drop_s5,reagan_1981,single,5,1,volume_drop,65.74,audio/flawed/reagan_1981/reagan_1981__volume_drop_s5.wav,labels/reagan_1981/reagan_1981__volume_drop_s5.json
